{
  "vertical_eye": [
    -2.1745950350670165,
    -1.8363574224151238,
    -1.1664007881040286,
    -0.3440792514521244,
    -0.44814753362046283,
    -0.5675794190444486,
    -0.8580697216334534,
    0.07390645099788992,
    -0.09584316098639971,
    0.03869605270772506,
    0.057153048823927896,
    0.25185703435458134,
    0.2564596627018144,
    0.31239216443734735,
    0.37994479096496947,
    0.468988305503529,
    0.3886240322080961,
    0.3725790780955813,
    0.3781293073912782,
    0.4538174770572721,
    0.43146221471124363,
    0.4728810102478499,
    0.5181498244085864,
    0.6992015936678366,
    0.5492467814060524,
    0.513650017315232,
    0.6024371412487554,
    0.7845088017981373,
    0.649793177976173,
    0.5719783093253782,
    0.47982462823561023,
    0.3721867231046362,
    -2.2024391852920036,
    -2.0352355928094057,
    -1.4206209943098997,
    -1.0478919828679067,
    -1.0862891646290413,
    -0.39950973687758107,
    -0.44392372681807113,
    -0.3654119665861367,
    -0.47268392155449834,
    -0.409473037945642,
    0.02733219723093671,
    -0.02061503884650665,
    0.02020277190980354,
    0.04706757908753398,
    0.06300761917496542,
    0.27417362980079,
    0.24992331715778643,
    0.22145003560051202,
    0.23102699325374162,
    0.3243460430366538,
    0.4621851299109778,
    0.36577863166915237,
    0.3503964570887542,
    0.36855555693731784,
    0.46711200926675733,
    0.43197846809367657,
    0.46034875259548724,
    0.5078787734717765,
    0.6917532849372108,
    0.5586205126357752,
    0.5425054171266352,
    0.6434084420796949
  ],
  "horizontal_eye": [
    -0.07022630633843972,
    -0.7610959637986273,
    -0.24197992103420582,
    -0.03796610444622358,
    -0.31997076430986515,
    -0.58694991878439,
    -0.7573383657964871,
    -0.5812049472408385,
    -0.457636164967282,
    -0.27919687595027887,
    -0.12350460181829065,
    -0.11348589598870255,
    -0.18946351558998303,
    -0.2905662832757912,
    -0.41000175594050786,
    -0.25842059145198965,
    -0.2142378833629196,
    -0.1272869966483599,
    -0.09549207487516875,
    -0.09145617966051464,
    -0.11848745275991075,
    -0.1687830232981199,
    -0.1865730583979567,
    -0.22556642975814284,
    -0.13243051894050287,
    -0.08390730600645506,
    -0.0839101551763134,
    -0.08150943314292183,
    -0.06003904009350854,
    -0.04580849741377166,
    -0.04029532949754174,
    -0.033343955723714395,
    0.21482260443170467,
    0.5998013527401154,
    0.6272860897079561,
    0.5250155128866794,
    0.21584238832465036,
    0.14295825875219967,
    0.32704361821277167,
    0.432489835070553,
    0.4597824042307656,
    0.5068428121503282,
    0.389095990438415,
    0.27904755395359804,
    0.2927300294193747,
    0.17688810721119125,
    0.047029174824917405,
    -0.009118555914684783,
    0.0946216602983722,
    0.1975843535418797,
    0.23993146372297458,
    0.3129821374330516,
    0.24572689290504648,
    0.19737235589283306,
    0.15617318249084675,
    0.04632215299167522,
    0.016524210929060215,
    0.11079632598675788,
    0.12277310841323046,
    0.14871031956609385,
    0.13085863765013483,
    0.04856956023973569,
    0.02876299470588765,
    -0.02632158222363595
  ]
}